{
    "AP @ IoU=0.50:0.95": 0.11484834723319155,
    "AP @ IoU=0.50": 0.302059032709344,
    "AP @ IoU=0.75": 0.06713888343470219,
    "AP @ small objects": 0.1146539259143476,
    "AP @ medium objects": 0.29999999999999993,
    "AP @ large objects": -1.0,
    "AR @ IoU=0.50:0.95 (maxDets=1)": 0.1277777777777778,
    "AR @ IoU=0.50:0.95 (maxDets=10)": 0.1955777777777778,
    "AR @ IoU=0.50:0.95 (maxDets=100)": 0.19577777777777777,
    "AR @ small objects": 0.19582999666332998,
    "AR @ medium objects": 0.3,
    "AR @ large objects": -1.0
}