{
    "AP @ IoU=0.50:0.95": 0.048934044993907244,
    "AP @ IoU=0.50": 0.12597019479087396,
    "AP @ IoU=0.75": 0.01751249911471769,
    "AP @ small objects": 0.04891623832628106,
    "AP @ medium objects": 0.09999999999999999,
    "AP @ large objects": -1.0,
    "AR @ IoU=0.50:0.95 (maxDets=1)": 0.0659,
    "AR @ IoU=0.50:0.95 (maxDets=10)": 0.08816666666666667,
    "AR @ IoU=0.50:0.95 (maxDets=100)": 0.08816666666666667,
    "AR @ small objects": 0.08821654988321656,
    "AR @ medium objects": 0.1,
    "AR @ large objects": -1.0
}