{
    "AP @ IoU=0.50:0.95": 0.126571734761296,
    "AP @ IoU=0.50": 0.34021980914321964,
    "AP @ IoU=0.75": 0.05323350988001276,
    "AP @ small objects": 0.12555488710465446,
    "AP @ medium objects": 0.12203771669793667,
    "AP @ large objects": -1.0,
    "AR @ IoU=0.50:0.95 (maxDets=1)": 0.09426111908177906,
    "AR @ IoU=0.50:0.95 (maxDets=10)": 0.19620909339345496,
    "AR @ IoU=0.50:0.95 (maxDets=100)": 0.2061865904898545,
    "AR @ small objects": 0.20133484162895926,
    "AR @ medium objects": 0.25,
    "AR @ large objects": -1.0
}