{
    "AP @ IoU=0.50:0.95": 0.18412728311622592,
    "AP @ IoU=0.50": 0.3221541928460233,
    "AP @ IoU=0.75": 0.17766045301654598,
    "AP @ small objects": -1.0,
    "AP @ medium objects": 0.1827763299372895,
    "AP @ large objects": 0.32282178217821783,
    "AR @ IoU=0.50:0.95 (maxDets=1)": 0.21721111111111113,
    "AR @ IoU=0.50:0.95 (maxDets=10)": 0.29798888888888886,
    "AR @ IoU=0.50:0.95 (maxDets=100)": 0.29798888888888886,
    "AR @ small objects": -1.0,
    "AR @ medium objects": 0.2984575429087624,
    "AR @ large objects": 0.328125
}