{
    "AP @ IoU=0.50:0.95": 0.05202942440988852,
    "AP @ IoU=0.50": 0.11801280727591168,
    "AP @ IoU=0.75": 0.034827546701690186,
    "AP @ small objects": -1.0,
    "AP @ medium objects": 0.056448931859244975,
    "AP @ large objects": 0.0978793804251875,
    "AR @ IoU=0.50:0.95 (maxDets=1)": 0.06996666666666668,
    "AR @ IoU=0.50:0.95 (maxDets=10)": 0.09942222222222222,
    "AR @ IoU=0.50:0.95 (maxDets=100)": 0.09942222222222222,
    "AR @ small objects": -1.0,
    "AR @ medium objects": 0.0982636717392815,
    "AR @ large objects": 0.26875
}